{"stats":{"minecraft:picked_up":{"minecraft:wheat":8,"minecraft:crafting_table":6,"minecraft:feather":15,"minecraft:chicken":9,"minecraft:andesite":31,"minecraft:jungle_log":150,"minecraft:brown_wool":1,"minecraft:potato":5,"minecraft:flint":2,"minecraft:oak_log":5,"minecraft:jungle_button":1,"minecraft:yellow_bed":1,"minecraft:dirt":282,"minecraft:wheat_seeds":56,"minecraft:jungle_sapling":1,"minecraft:bamboo":227,"minecraft:melon_slice":7,"minecraft:oak_planks":7,"minecraft:furnace":1,"minecraft:stick":9,"minecraft:jungle_door":2,"minecraft:pumpkin":18,"minecraft:torch":5,"minecraft:dandelion":2,"minecraft:gravel":37,"minecraft:porkchop":14,"minecraft:jungle_planks":17,"minecraft:sand":59,"minecraft:cherry_log":19,"minecraft:carrot":14,"minecraft:white_bed":8,"minecraft:jungle_stairs":3,"minecraft:arrow":1,"minecraft:stone_axe":1,"minecraft:hay_block":25,"minecraft:cherry_sapling":3,"minecraft:gray_wool":1,"minecraft:mutton":11,"minecraft:coal":80,"minecraft:white_wool":8,"minecraft:cobblestone":412},"minecraft:mined":{"minecraft:white_bed":8,"minecraft:cherry_log":19,"minecraft:dandelion":1,"minecraft:crafting_table":1,"minecraft:jungle_stairs":3,"minecraft:short_grass":127,"minecraft:grass_block":202,"minecraft:jungle_planks":18,"minecraft:jungle_log":155,"minecraft:glass":1,"minecraft:cobblestone":21,"minecraft:oak_planks":7,"minecraft:wall_torch":2,"minecraft:pink_petals":2,"minecraft:hay_block":25,"minecraft:furnace":1,"minecraft:carrots":14,"minecraft:wheat":33,"minecraft:andesite":46,"minecraft:birch_leaves":1,"minecraft:pumpkin":18,"minecraft:bee_nest":1,"minecraft:yellow_bed":1,"minecraft:potatoes":5,"minecraft:oak_log":5,"minecraft:coal_ore":53,"minecraft:gravel":42,"minecraft:beetroots":2,"minecraft:vine":9,"minecraft:cherry_leaves":13,"minecraft:dirt":22,"minecraft:sand":63,"minecraft:bamboo":22,"minecraft:stone":342,"minecraft:white_wool":1,"minecraft:oak_leaves":3,"minecraft:fern":19},"minecraft:custom":{"minecraft:interact_with_furnace":31,"minecraft:mob_kills":32,"minecraft:interact_with_cartography_table":1,"minecraft:interact_with_crafting_table":20,"minecraft:leave_game":1,"minecraft:time_since_death":123954,"minecraft:sleep_in_bed":2,"minecraft:climb_one_cm":12421,"minecraft:time_since_rest":80115,"minecraft:sprint_one_cm":84591,"minecraft:damage_taken":295,"minecraft:walk_one_cm":500802,"minecraft:drop":24,"minecraft:damage_dealt":2605,"minecraft:fly_one_cm":121543,"minecraft:open_chest":36,"minecraft:crouch_one_cm":1875,"minecraft:play_time":123954,"minecraft:sneak_time":618,"minecraft:walk_under_water_one_cm":10802,"minecraft:jump":870,"minecraft:walk_on_water_one_cm":4283,"minecraft:total_world_time":123954,"minecraft:fall_one_cm":18915},"minecraft:used":{"minecraft:cooked_mutton":1,"minecraft:cherry_sapling":3,"minecraft:stone_sword":90,"minecraft:stone_shovel":292,"minecraft:stone_pickaxe":87,"minecraft:ladder":7,"minecraft:chest":4,"minecraft:wooden_pickaxe":24,"minecraft:jungle_pressure_plate":2,"minecraft:white_wool":1,"minecraft:torch":5,"minecraft:dirt":46,"minecraft:crafting_table":2,"minecraft:jungle_planks":335,"minecraft:white_bed":6,"minecraft:glass":14,"minecraft:diamond_pickaxe":223,"minecraft:iron_pickaxe":250,"minecraft:bread":4,"minecraft:melon_slice":7,"minecraft:jungle_stairs":103,"minecraft:stone_axe":286,"minecraft:cobblestone":176,"minecraft:jungle_button":3,"minecraft:cooked_porkchop":1,"minecraft:jungle_door":4,"minecraft:bone_meal":7},"minecraft:broken":{"minecraft:stone_axe":1,"minecraft:iron_pickaxe":1,"minecraft:stone_shovel":2},"minecraft:killed":{"minecraft:parrot":1,"minecraft:pig":6,"minecraft:sheep":9,"minecraft:skeleton":1,"minecraft:bee":4,"minecraft:chicken":10},"minecraft:crafted":{"minecraft:jungle_button":2,"minecraft:oak_planks":20,"minecraft:stone_shovel":2,"minecraft:cooked_porkchop":13,"minecraft:crafting_table":6,"minecraft:wooden_pickaxe":1,"minecraft:jungle_pressure_plate":2,"minecraft:cooked_salmon":12,"minecraft:stone_axe":3,"minecraft:bread":21,"minecraft:cooked_mutton":11,"minecraft:air":0,"minecraft:jungle_planks":600,"minecraft:glass":30,"minecraft:jungle_door":3,"minecraft:diamond_pickaxe":1,"minecraft:ladder":27,"minecraft:stick":135,"minecraft:stone_pickaxe":1,"minecraft:stone_sword":1,"minecraft:chest":4,"minecraft:jungle_stairs":108,"minecraft:wheat":64},"minecraft:dropped":{"minecraft:furnace":1,"minecraft:stone_axe":1,"minecraft:porkchop":1,"minecraft:crafting_table":10,"minecraft:white_bed":1,"minecraft:dirt":67,"minecraft:jungle_stairs":8,"minecraft:yellow_bed":1,"minecraft:brown_wool":1,"minecraft:oak_sapling":1,"minecraft:jungle_door":1,"minecraft:arrow":1,"minecraft:dandelion":2}},"DataVersion":3955}