{"stats":{"minecraft:killed_by":{"minecraft:creeper":1,"minecraft:zombie":2},"minecraft:picked_up":{"minecraft:crafting_table":11,"minecraft:andesite":24,"minecraft:salmon":20,"minecraft:jungle_log":7,"minecraft:wooden_pickaxe":3,"minecraft:flint":3,"minecraft:tuff":156,"minecraft:oak_log":22,"minecraft:jungle_button":1,"minecraft:lapis_lazuli":57,"minecraft:dirt":57,"minecraft:string":8,"minecraft:raw_copper":4,"minecraft:bone":8,"minecraft:bow":4,"minecraft:cobbled_deepslate_wall":1,"minecraft:wheat_seeds":14,"minecraft:cobbled_deepslate":855,"minecraft:raw_gold":9,"minecraft:spore_blossom":1,"minecraft:stone_pickaxe":3,"minecraft:jungle_sapling":1,"minecraft:moss_block":14,"minecraft:bamboo":10,"minecraft:melon_slice":70,"minecraft:oak_planks":112,"minecraft:furnace":3,"minecraft:raw_iron":26,"minecraft:music_disc_13":1,"minecraft:torch":32,"minecraft:gravel":26,"minecraft:jungle_planks":5,"minecraft:diorite":5,"minecraft:redstone":141,"minecraft:mossy_cobblestone":1,"minecraft:stone_sword":3,"minecraft:arrow":6,"minecraft:rotten_flesh":30,"minecraft:diamond":35,"minecraft:stone_axe":3,"minecraft:jungle_stairs":1,"minecraft:granite":57,"minecraft:bone_meal":1,"minecraft:glow_berries":3,"minecraft:mutton":20,"minecraft:coal":74,"minecraft:white_wool":3,"minecraft:cobblestone":196},"minecraft:mined":{"minecraft:deepslate_redstone_ore":32,"minecraft:tuff":159,"minecraft:mossy_cobblestone":1,"minecraft:deepslate_diamond_ore":35,"minecraft:torch":8,"minecraft:cobbled_deepslate_wall":1,"minecraft:crafting_table":4,"minecraft:cave_vines_plant":3,"minecraft:granite":57,"minecraft:short_grass":9,"minecraft:grass_block":9,"minecraft:melon":9,"minecraft:jungle_planks":1,"minecraft:jungle_log":6,"minecraft:copper_ore":1,"minecraft:cobblestone":11,"minecraft:deepslate_gold_ore":9,"minecraft:lapis_ore":4,"minecraft:moss_block":17,"minecraft:oak_planks":1,"minecraft:diorite":5,"minecraft:wall_torch":18,"minecraft:spore_blossom":1,"minecraft:furnace":2,"minecraft:cobbled_deepslate":7,"minecraft:iron_ore":14,"minecraft:andesite":24,"minecraft:deepslate_lapis_ore":5,"minecraft:deepslate_iron_ore":9,"minecraft:cave_vines":6,"minecraft:vine":1,"minecraft:oak_log":22,"minecraft:coal_ore":74,"minecraft:gravel":18,"minecraft:dirt":12,"minecraft:bamboo":1,"minecraft:stone":158,"minecraft:oak_leaves":1,"minecraft:deepslate":907},"minecraft:custom":{"minecraft:interact_with_furnace":33,"minecraft:mob_kills":47,"minecraft:play_record":1,"minecraft:interact_with_crafting_table":28,"minecraft:time_since_death":87403,"minecraft:sleep_in_bed":2,"minecraft:climb_one_cm":6206,"minecraft:time_since_rest":80093,"minecraft:sprint_one_cm":147180,"minecraft:damage_taken":1641,"minecraft:walk_one_cm":349657,"minecraft:drop":31,"minecraft:damage_dealt":4169,"minecraft:swim_one_cm":42163,"minecraft:fly_one_cm":75614,"minecraft:open_chest":24,"minecraft:crouch_one_cm":53144,"minecraft:sneak_time":23579,"minecraft:play_time":117883,"minecraft:deaths":3,"minecraft:walk_under_water_one_cm":24957,"minecraft:jump":835,"minecraft:walk_on_water_one_cm":11862,"minecraft:total_world_time":117883,"minecraft:fall_one_cm":19985},"minecraft:used":{"minecraft:cobbled_deepslate_wall":13,"minecraft:cooked_mutton":4,"minecraft:stone_sword":58,"minecraft:stone_shovel":25,"minecraft:stone_pickaxe":173,"minecraft:oak_planks":11,"minecraft:chest":1,"minecraft:wooden_pickaxe":19,"minecraft:iron_sword":44,"minecraft:cooked_chicken":4,"minecraft:torch":179,"minecraft:dirt":23,"minecraft:crafting_table":9,"minecraft:jungle_planks":5,"minecraft:tuff":2,"minecraft:white_bed":1,"minecraft:glass":9,"minecraft:jungle_sapling":1,"minecraft:diamond_pickaxe":596,"minecraft:melon_slice":25,"minecraft:iron_pickaxe":759,"minecraft:jungle_stairs":1,"minecraft:gravel":4,"minecraft:stone_axe":37,"minecraft:cobblestone":50,"minecraft:jungle_button":1,"minecraft:furnace":5,"minecraft:cobbled_deepslate":136,"minecraft:jukebox":1},"minecraft:killed":{"minecraft:salmon":22,"minecraft:spider":1,"minecraft:sheep":3,"minecraft:skeleton":4,"minecraft:zombie":13,"minecraft:drowned":1},"minecraft:crafted":{"minecraft:oak_planks":60,"minecraft:diamond_sword":1,"minecraft:stone_shovel":1,"minecraft:jukebox":1,"minecraft:crafting_table":1,"minecraft:cooked_chicken":5,"minecraft:wooden_pickaxe":1,"minecraft:iron_sword":1,"minecraft:furnace":3,"minecraft:cooked_salmon":8,"minecraft:cobbled_deepslate_wall":12,"minecraft:bone_meal":6,"minecraft:stone_axe":1,"minecraft:cooked_mutton":5,"minecraft:air":0,"minecraft:jungle_planks":24,"minecraft:glass":29,"minecraft:diamond_helmet":1,"minecraft:diamond_pickaxe":1,"minecraft:charcoal":1,"minecraft:stick":89,"minecraft:iron_ingot":20,"minecraft:iron_pickaxe":4,"minecraft:stone_pickaxe":2,"minecraft:stone_sword":1,"minecraft:chest":1,"minecraft:white_bed":1,"minecraft:torch":232},"minecraft:broken":{"minecraft:stone_pickaxe":1,"minecraft:iron_pickaxe":3},"minecraft:dropped":{"minecraft:gravel":13,"minecraft:cobbled_deepslate":128,"minecraft:spore_blossom":1,"minecraft:tuff":26,"minecraft:raw_iron":1,"minecraft:cobblestone":92,"minecraft:granite":57,"minecraft:coal":28,"minecraft:gunpowder":3,"minecraft:melon_slice":11}},"DataVersion":3955}